dataset,tag,seed,run,accuracy,balanced_accuracy,macro_f1,auroc,auprc,loss,val_macro_f1,best_round,last_round,n_test
isic2018,centralized,42,isic2018_centralized_s42,0.751984126984127,0.7102032257893592,0.6818776048282269,0.9522505238638788,0.7930027161389319,0.6653462648391724,0.7869022532524524,7,50,1512
isic2018,centralized,43,isic2018_centralized_s43,0.7943121693121693,0.7214107800476289,0.7276579415678095,0.9577257235738375,0.8103976891433727,0.5630931258201599,0.8510365335715218,14,50,1512
isic2018,centralized,44,isic2018_centralized_s44,0.8181216931216931,0.6828767818882076,0.724879547677495,0.9566619947417268,0.8114861809130774,0.5799442529678345,0.7763922168057507,46,50,1512
isic2018,fedadam_a0.5_K10_E2_eta0.0001,42,isic2018_fedadam_a0.5_K10_E2_eta0.0001_s42,0.7037037037037037,0.5131867931024273,0.46169103059619704,0.9181905086296288,0.6235321803818934,0.9852564334869385,0.5160435188568181,50,50,1512
isic2018,fedadam_a0.5_K10_E2_eta0.001,42,isic2018_fedadam_a0.5_K10_E2_eta0.001_s42,0.7718253968253969,0.5847540125992008,0.621509488161464,0.9397460169021942,0.7081650018848225,0.6488404273986816,0.6170494864612512,38,50,1512
isic2018,fedadam_a0.5_K10_E2_eta0.001,43,isic2018_fedadam_a0.5_K10_E2_eta0.001_s43,0.7619047619047619,0.6687734472471358,0.6647038276663427,0.9398529170635823,0.7239852631830457,0.6622304916381836,0.70886569734496,49,50,1512
isic2018,fedadam_a0.5_K10_E2_eta0.001,44,isic2018_fedadam_a0.5_K10_E2_eta0.001_s44,0.7883597883597884,0.6069495777061161,0.6131730838287073,0.9474268520582837,0.7304891006752676,0.6331328749656677,0.645311016968771,35,50,1512
isic2018,fedadam_a0.5_K10_E2_eta1e-5,42,isic2018_fedadam_a0.5_K10_E2_eta1e-5_s42,0.05886243386243386,0.1921265087606178,0.0935962716783569,0.664765325460463,0.23118242663130023,1.9436051845550537,0.04924242424242425,47,50,1512
isic2018,fedavg_a0.1_K10_E2,42,isic2018_fedavg_a0.1_K10_E2_s42,0.6792328042328042,0.48927370780998325,0.4695548762603122,0.923474035570804,0.624206792814822,1.0375064611434937,0.45269624859856944,8,50,1512
isic2018,fedavg_a0.1_K10_E2,43,isic2018_fedavg_a0.1_K10_E2_s43,0.7334656084656085,0.49109029038506496,0.5010555754504395,0.9259412383211876,0.6361216756077145,0.8207343220710754,0.5691206789567446,42,50,1512
isic2018,fedavg_a0.1_K10_E2,44,isic2018_fedavg_a0.1_K10_E2_s44,0.6044973544973545,0.5470919986215731,0.4750277336188044,0.8732175042932281,0.5748689610733791,1.1852338314056396,0.5520075002866383,43,50,1512
isic2018,fedavg_a0.5_K10_E10,42,isic2018_fedavg_a0.5_K10_E10_s42,0.791005291005291,0.5533380767262164,0.6040023449322222,0.9449550034956161,0.7350786833951155,0.656015157699585,0.5588762428048143,13,50,1512
isic2018,fedavg_a0.5_K10_E10,43,isic2018_fedavg_a0.5_K10_E10_s43,0.8029100529100529,0.6265382414240499,0.6716935517044834,0.935279212250239,0.741068014265252,0.7208932638168335,0.6434765766771825,44,50,1512
isic2018,fedavg_a0.5_K10_E10,44,isic2018_fedavg_a0.5_K10_E10_s44,0.7566137566137566,0.6418141207484128,0.6566109248544372,0.9431554838864021,0.7561167241126954,0.667359471321106,0.6135679235409693,8,50,1512
isic2018,fedavg_a0.5_K10_E1,42,isic2018_fedavg_a0.5_K10_E1_s42,0.7843915343915344,0.6520363041418472,0.669648279089456,0.9377500215572593,0.7356070975295206,0.6382318139076233,0.6627731124546817,45,50,1512
isic2018,fedavg_a0.5_K10_E1,43,isic2018_fedavg_a0.5_K10_E1_s43,0.7751322751322751,0.6425329938706738,0.6631322055597784,0.9455362172773408,0.7535329527711561,0.6265718936920166,0.6816837927767582,39,50,1512
isic2018,fedavg_a0.5_K10_E1,44,isic2018_fedavg_a0.5_K10_E1_s44,0.7559523809523809,0.5400269081687975,0.5497945217147884,0.9390617518975019,0.7170216068917037,0.7133548259735107,0.6210308462930534,11,50,1512
isic2018,fedavg_a0.5_K10_E2_lr0.0002,42,isic2018_fedavg_a0.5_K10_E2_lr0.0002_s42,0.6501322751322751,0.577639682071256,0.5721751482815346,0.9444442038535679,0.7305832581468416,0.8203911185264587,0.6547677695121994,11,50,1512
isic2018,fedavg_a0.5_K10_E2_lr5e-5,42,isic2018_fedavg_a0.5_K10_E2_lr5e-5_s42,0.791005291005291,0.6522269844828793,0.6666472523472954,0.9421390520537726,0.7419666120114117,0.6226613521575928,0.6100840336134453,47,50,1512
isic2018,fedavg_a0.5_K10_E2,42,isic2018_fedavg_a0.5_K10_E2_s42,0.7738095238095238,0.5927985302859377,0.6142073650140204,0.940164471513272,0.7237062327397903,0.6557123064994812,0.6871068290366485,35,50,1512
isic2018,fedavg_a0.5_K10_E2,43,isic2018_fedavg_a0.5_K10_E2_s43,0.783068783068783,0.6194740073142061,0.6635936346841527,0.9464711432574819,0.7547513838111838,0.6067270040512085,0.6648437977736467,47,50,1512
isic2018,fedavg_a0.5_K10_E2,44,isic2018_fedavg_a0.5_K10_E2_s44,0.7612433862433863,0.646555768952715,0.6549976559405908,0.9441323177834547,0.7577496326654686,0.6793620586395264,0.6726068137896483,20,50,1512
isic2018,fedavg_a0.5_K10_E5,42,isic2018_fedavg_a0.5_K10_E5_s42,0.7513227513227513,0.5457023441757547,0.6082096370983333,0.9413519859733255,0.733398820645978,0.7161703705787659,0.5566756205660979,15,50,1512
isic2018,fedavg_a0.5_K10_E5,43,isic2018_fedavg_a0.5_K10_E5_s43,0.794973544973545,0.6108103628908558,0.6680406433158705,0.939925450014781,0.7471320248227645,0.674515426158905,0.6357780612244898,44,50,1512
isic2018,fedavg_a0.5_K10_E5,44,isic2018_fedavg_a0.5_K10_E5_s44,0.7579365079365079,0.6418102231504624,0.6180996695931169,0.9452757597555866,0.7425923550715325,0.6811555624008179,0.6308094156195422,8,50,1512
isic2018,fedavg_a0.5_K20_E2,42,isic2018_fedavg_a0.5_K20_E2_s42,0.8095238095238095,0.7135292047652853,0.7196526569421551,0.9497925848401911,0.7866052703600509,0.5789200067520142,0.7511195743186667,49,50,1512
isic2018,fedavg_a0.5_K20_E2,43,isic2018_fedavg_a0.5_K20_E2_s43,0.7896825396825397,0.669439840344537,0.6803490914994647,0.9471298635903344,0.7654243310080048,0.6050472855567932,0.7600606793239945,28,50,1512
isic2018,fedavg_a0.5_K20_E2,44,isic2018_fedavg_a0.5_K20_E2_s44,0.7870370370370371,0.654684632008115,0.6845325066446344,0.9514760312619227,0.7753677658171103,0.5781334042549133,0.6824805135673413,34,50,1512
isic2018,fedavg_a0.5_K5_E2,42,isic2018_fedavg_a0.5_K5_E2_s42,0.7638888888888888,0.7079958855055721,0.6775297046793513,0.9564711255272639,0.7902291866803592,0.6298698782920837,0.7114605775240037,14,50,1512
isic2018,fedavg_a0.5_K5_E2,43,isic2018_fedavg_a0.5_K5_E2_s43,0.7757936507936508,0.6278716974316804,0.6549473883600857,0.947934379092286,0.7450645054542224,0.6538035869598389,0.7504938193462785,12,50,1512
isic2018,fedavg_a0.5_K5_E2,44,isic2018_fedavg_a0.5_K5_E2_s44,0.8115079365079365,0.6802394562236704,0.7033737500155256,0.958469647303651,0.8008465828880392,0.5477699637413025,0.779337564253544,43,50,1512
isic2018,fedavg_a100_K10_E2,42,isic2018_fedavg_a100_K10_E2_s42,0.8121693121693122,0.7375310364416645,0.7452318923937032,0.9609924916371063,0.8198950651704566,0.5327529311180115,0.769758206312828,32,50,1512
isic2018,fedavg_a100_K10_E2,43,isic2018_fedavg_a100_K10_E2_s43,0.8048941798941799,0.7419245850136756,0.7403059535005042,0.9643389763383748,0.8381424372231155,0.5363710522651672,0.7885980234139212,20,50,1512
isic2018,fedavg_a100_K10_E2,44,isic2018_fedavg_a100_K10_E2_s44,0.8009259259259259,0.7413006643812735,0.738438341835164,0.9634274058343646,0.838195645880175,0.5172833204269409,0.7895582016549759,38,50,1512
isic2018,fedavg_a1_K10_E2,42,isic2018_fedavg_a1_K10_E2_s42,0.7976190476190477,0.7045831149745891,0.7067892749303939,0.9587926074537324,0.7984127205313961,0.542113721370697,0.8090511159038376,47,50,1512
isic2018,fedavg_a1_K10_E2,43,isic2018_fedavg_a1_K10_E2_s43,0.7956349206349206,0.6458716969936108,0.6842982979458723,0.9561086812120413,0.7829734501447049,0.5939472317695618,0.661841137466099,23,50,1512
isic2018,fedavg_a1_K10_E2,44,isic2018_fedavg_a1_K10_E2_s44,0.7784391534391535,0.6614252335796882,0.6575317559224603,0.9521947048089281,0.7879563441801184,0.6143549084663391,0.6531581828133552,12,50,1512
isic2018,fedprox_a0.5_K10_E2_mu0.001,42,isic2018_fedprox_a0.5_K10_E2_mu0.001_s42,0.7764550264550265,0.6018956789585034,0.6213723920940419,0.9408471673833771,0.7260954908983303,0.6501279473304749,0.6766011213772408,35,50,1512
isic2018,fedprox_a0.5_K10_E2_mu0.001,43,isic2018_fedprox_a0.5_K10_E2_mu0.001_s43,0.7870370370370371,0.6255189302639349,0.6676930175023194,0.9456391903124376,0.7581294681523002,0.6069267988204956,0.6618132865566125,47,50,1512
isic2018,fedprox_a0.5_K10_E2_mu0.001,44,isic2018_fedprox_a0.5_K10_E2_mu0.001_s44,0.8035714285714286,0.6381503338851745,0.6805572554537663,0.9474463826685665,0.7829920871634984,0.6144359707832336,0.595056556346879,43,50,1512
isic2018,fedprox_a0.5_K10_E2_mu0.01,42,isic2018_fedprox_a0.5_K10_E2_mu0.01_s42,0.7764550264550265,0.611323074003888,0.6286765679968722,0.9420355083617299,0.7353126244123797,0.6506853103637695,0.6716043416903726,35,50,1512
isic2018,fedprox_a0.5_K10_E2_mu0.1,42,isic2018_fedprox_a0.5_K10_E2_mu0.1_s42,0.783068783068783,0.6372850950393748,0.6526978627286473,0.942638311268427,0.7363195062825707,0.6274996399879456,0.6344046344422897,46,50,1512
isic2019,centralized,42,isic2019_centralized_s42,0.7419100236779794,0.5632626008232423,0.5641685093140076,0.9201902139337459,0.576300957881952,0.9152265787124634,0.6159814823689933,29,50,2534
isic2019,centralized,43,isic2019_centralized_s43,0.7371744277821626,0.5714580286472284,0.5663986815842256,0.923228457836194,0.5871788225148283,0.8646226525306702,0.6174247013377343,20,50,2534
isic2019,centralized,44,isic2019_centralized_s44,0.7241515390686661,0.5659553889844781,0.5346585057553159,0.907166058314812,0.5523818569455786,0.8807219862937927,0.6097160954396899,13,50,2534
isic2019,fedadam_a0.5_K10_E2_eta0.0001,42,isic2019_fedadam_a0.5_K10_E2_eta0.0001_s42,0.632991318074191,0.46707465492353667,0.4090685738619713,0.8841357191682369,0.48216304734664955,1.1393725872039795,0.4610659495826967,47,50,2534
isic2019,fedadam_a0.5_K10_E2_eta0.001,42,isic2019_fedadam_a0.5_K10_E2_eta0.001_s42,0.7056037884767167,0.5088795886881169,0.5043270024371715,0.9075807872432629,0.5380772215741427,0.8598127961158752,0.544697942063634,43,50,2534
isic2019,fedadam_a0.5_K10_E2_eta0.001,43,isic2019_fedadam_a0.5_K10_E2_eta0.001_s43,0.6949486977111287,0.5181735786486484,0.5078951203508169,0.9148582720720415,0.5616147868086949,0.8508816957473755,0.5736380267782304,41,50,2534
isic2019,fedadam_a0.5_K10_E2_eta0.001,44,isic2019_fedadam_a0.5_K10_E2_eta0.001_s44,0.6961325966850829,0.5161892580360765,0.5035690323976094,0.9015739067823223,0.540952396751303,0.914331316947937,0.5701340481730348,49,50,2534
isic2019,fedadam_a0.5_K10_E2_eta1e-5,42,isic2019_fedadam_a0.5_K10_E2_eta1e-5_s42,0.26835043409629045,0.1830774098825061,0.1381677780448237,0.5954096770537922,0.18132450303049977,2.051363945007324,0.14600409280279922,44,50,2534
isic2019,fedavg_a0.1_K10_E2,42,isic2019_fedavg_a0.1_K10_E2_s42,0.5666929755327546,0.4703080598414958,0.43199151438762334,0.8576666160060528,0.4991302950660868,1.201751947402954,0.4504056576709866,47,50,2534
isic2019,fedavg_a0.1_K10_E2,43,isic2019_fedavg_a0.1_K10_E2_s43,0.6661404893449092,0.41895701178924993,0.43561335144824764,0.8814742675086535,0.48821196024044555,1.0008089542388916,0.4215795085468239,43,50,2534
isic2019,fedavg_a0.1_K10_E2,44,isic2019_fedavg_a0.1_K10_E2_s44,0.6779794790844514,0.4472324785421171,0.46561570259125173,0.8818057920463385,0.5177019960746955,1.0141911506652832,0.4717471193270598,27,50,2534
isic2019,fedavg_a0.5_K10_E10,42,isic2019_fedavg_a0.5_K10_E10_s42,0.7146803472770323,0.5098339252644922,0.4940784049546834,0.9057632079039859,0.54072759379565,0.989067018032074,0.5559409523262624,38,50,2534
isic2019,fedavg_a0.5_K10_E10,43,isic2019_fedavg_a0.5_K10_E10_s43,0.728492501973165,0.5286709738588135,0.5366150135684631,0.921753673582222,0.5738399389876628,0.8645131587982178,0.5686000239240234,15,50,2534
isic2019,fedavg_a0.5_K10_E10,44,isic2019_fedavg_a0.5_K10_E10_s44,0.7186266771902131,0.4793727856297714,0.48896735274493897,0.9149577873816344,0.544834687442924,1.028757095336914,0.5424104615985818,26,50,2534
isic2019,fedavg_a0.5_K10_E1,42,isic2019_fedavg_a0.5_K10_E1_s42,0.6933701657458563,0.5149319706523691,0.4928462224539913,0.9056718423567076,0.5326150609218835,0.8649592399597168,0.5455085545414402,34,50,2534
isic2019,fedavg_a0.5_K10_E1,43,isic2019_fedavg_a0.5_K10_E1_s43,0.7237569060773481,0.5555200525931371,0.5629814392374799,0.920961281503073,0.5875645848541751,0.7994035482406616,0.5722784017562326,44,50,2534
isic2019,fedavg_a0.5_K10_E1,44,isic2019_fedavg_a0.5_K10_E1_s44,0.7075769534333071,0.5024161615693293,0.5115856992578185,0.9128781272156208,0.5589534831422855,0.8350481986999512,0.5562732563907323,36,50,2534
isic2019,fedavg_a0.5_K10_E2_lr0.0002,42,isic2019_fedavg_a0.5_K10_E2_lr0.0002_s42,0.7087608524072613,0.5457267944943993,0.5290669397281734,0.908898189133266,0.5603536279139163,0.8557566404342651,0.5691995984011433,38,50,2534
isic2019,fedavg_a0.5_K10_E2_lr0.0002,43,isic2019_fedavg_a0.5_K10_E2_lr0.0002_s43,0.7150749802683505,0.5212397822595292,0.5296200304009389,0.9228552775955529,0.5735943456480646,0.8329871892929077,0.5857323069730542,28,50,2534
isic2019,fedavg_a0.5_K10_E2_lr0.0002,44,isic2019_fedavg_a0.5_K10_E2_lr0.0002_s44,0.7166535122336227,0.4905312073456708,0.5136183300219685,0.9149698767723964,0.5593175537786248,0.9060010313987732,0.5431658836984815,45,50,2534
isic2019,fedavg_a0.5_K10_E2_lr5e-5,42,isic2019_fedavg_a0.5_K10_E2_lr5e-5_s42,0.7162588792423047,0.4965278285656046,0.49739716446086446,0.9130295542474476,0.5443271469105706,0.8431932330131531,0.5500530642995556,49,50,2534
isic2019,fedavg_a0.5_K10_E2,42,isic2019_fedavg_a0.5_K10_E2_s42,0.6933701657458563,0.5200822165806832,0.4897208224417029,0.9101682272734711,0.5451894900218606,0.8558063507080078,0.5531764122250109,34,50,2534
isic2019,fedavg_a0.5_K10_E2,43,isic2019_fedavg_a0.5_K10_E2_s43,0.7162588792423047,0.5134386215154413,0.5222007506552968,0.9205615511201011,0.5740171835118926,0.8407548069953918,0.5664732297761801,50,50,2534
isic2019,fedavg_a0.5_K10_E2,44,isic2019_fedavg_a0.5_K10_E2_s44,0.7241515390686661,0.4946223198772694,0.5075101748137769,0.9146514537153174,0.5440315589443454,0.8606313467025757,0.5931653758636044,45,50,2534
isic2019,fedavg_a0.5_K10_E5,42,isic2019_fedavg_a0.5_K10_E5_s42,0.7075769534333071,0.5184731872320123,0.5019370429948047,0.9069376949514508,0.5476999572808935,0.8554338812828064,0.548833993178935,34,50,2534
isic2019,fedavg_a0.5_K10_E5,43,isic2019_fedavg_a0.5_K10_E5_s43,0.7182320441988951,0.5286283403189241,0.5438177207355157,0.9129578842394033,0.5701146926093835,0.9242329597473145,0.575389764903546,50,50,2534
isic2019,fedavg_a0.5_K10_E5,44,isic2019_fedavg_a0.5_K10_E5_s44,0.7273086029992107,0.5165838015420248,0.5164574599603695,0.9152586293171465,0.5713880664919903,0.8574538826942444,0.5474315885176164,19,50,2534
isic2019,fedavg_a0.5_K20_E2,42,isic2019_fedavg_a0.5_K20_E2_s42,0.675217048145225,0.48015898282968805,0.46732257811560424,0.9012322552128955,0.49909839933911493,0.9583754539489746,0.5159949739184024,6,50,2534
isic2019,fedavg_a0.5_K20_E2,43,isic2019_fedavg_a0.5_K20_E2_s43,0.6882399368587214,0.5324613759738098,0.5213072105588652,0.9077361436461305,0.5531412009975489,0.8769157528877258,0.5429278661891436,13,50,2534
isic2019,fedavg_a0.5_K20_E2,44,isic2019_fedavg_a0.5_K20_E2_s44,0.7229676400947119,0.5011225136152331,0.5057532746823099,0.9030075699809921,0.5198741898597121,0.8456869125366211,0.5400684547514059,32,50,2534
isic2019,fedavg_a0.5_K5_E2,42,isic2019_fedavg_a0.5_K5_E2_s42,0.7190213101815311,0.55676889635817,0.5419591047847409,0.9256067847517003,0.5788125636186987,0.8447831869125366,0.5808827268048741,44,50,2534
isic2019,fedavg_a0.5_K5_E2,43,isic2019_fedavg_a0.5_K5_E2_s43,0.7205998421468035,0.5311852255737466,0.5485521282867099,0.9223093674994404,0.5774633440169026,0.8338257670402527,0.562341153585831,48,50,2534
isic2019,fedavg_a0.5_K5_E2,44,isic2019_fedavg_a0.5_K5_E2_s44,0.7277032359905288,0.5298720671401667,0.5232337604608662,0.9236626768567117,0.5823995504660888,0.8274912238121033,0.5724200840931029,50,50,2534
isic2019,fedavg_a100_K10_E2,42,isic2019_fedavg_a100_K10_E2_s42,0.739542225730071,0.5692086546784709,0.5661151790355807,0.9262786556317952,0.5992109939984986,0.7911850214004517,0.6047849612419353,20,50,2534
isic2019,fedavg_a100_K10_E2,43,isic2019_fedavg_a100_K10_E2_s43,0.7261247040252565,0.5746399374663337,0.5712504465741824,0.9274085279376089,0.6064902664617448,0.821488618850708,0.6322419003760478,38,50,2534
isic2019,fedavg_a100_K10_E2,44,isic2019_fedavg_a100_K10_E2_s44,0.7419100236779794,0.5613756669578801,0.5619197899458919,0.9235212094971003,0.6000754533681234,0.7956027984619141,0.617805723991499,36,50,2534
isic2019,fedavg_a1_K10_E2,42,isic2019_fedavg_a1_K10_E2_s42,0.7292817679558011,0.5439423795636305,0.5389475752735206,0.9276726856735955,0.579698718151483,0.786604642868042,0.5899394842221442,29,50,2534
isic2019,fedavg_a1_K10_E2,43,isic2019_fedavg_a1_K10_E2_s43,0.7371744277821626,0.5617113254017496,0.5634610583528148,0.925967093075494,0.5845460051114841,0.8001673221588135,0.5674017232061185,42,50,2534
isic2019,fedavg_a1_K10_E2,44,isic2019_fedavg_a1_K10_E2_s44,0.7438831886345698,0.5434516029940852,0.5575557060918841,0.920687176518373,0.5800964046321783,0.8016964793205261,0.5759279400373717,27,50,2534
isic2019,fedprox_a0.5_K10_E2_mu0.001,42,isic2019_fedprox_a0.5_K10_E2_mu0.001_s42,0.7213891081294396,0.5217522217512015,0.5021317551456757,0.9183128059434524,0.5547395901940241,0.818506121635437,0.5582650830217819,43,50,2534
isic2019,fedprox_a0.5_K10_E2_mu0.01,42,isic2019_fedprox_a0.5_K10_E2_mu0.01_s42,0.72336227308603,0.5101108836644797,0.5037515102786891,0.9201995661736629,0.5643495489409163,0.8100204467773438,0.5480898255634858,43,50,2534
isic2019,fedprox_a0.5_K10_E2_mu0.1,42,isic2019_fedprox_a0.5_K10_E2_mu0.1_s42,0.6973164956590371,0.5100761542732656,0.48414286120369365,0.9071291355322255,0.5397184283394294,0.865968644618988,0.5634948283999283,38,50,2534
isic2019,fedprox_a0.5_K10_E2_mu0.1,43,isic2019_fedprox_a0.5_K10_E2_mu0.1_s43,0.7111286503551697,0.5207776521755577,0.5290063891088994,0.9175955813841581,0.5693443328673523,0.843512237071991,0.5540575294465289,39,50,2534
isic2019,fedprox_a0.5_K10_E2_mu0.1,44,isic2019_fedprox_a0.5_K10_E2_mu0.1_s44,0.7040252565114443,0.4860873913990306,0.48667969477637946,0.9055887505647537,0.5416771183496474,0.8644102215766907,0.5570439155511459,35,50,2534
